Company,Customer ID,Cliente,Pagador,Application ID,Loan ID,Product Type,Disbursement Date,TPV,Disbursement Amount,Origination Fee,Origination Fee Taxes,Loan Currency,Interest Rate APR,Term,Term Unit,Payment Frequency,Days in Default,Pledge To,Pledge Date,Loan Status,Outstanding Loan Value,Other,New Loan ID,New Loan Date,Old Loan ID,Recovery Date,Recovery Value,delinquency_bucket,risk_score,advance_rate
Abaco Financial,CLIAB000198,"PRODUCTOS DE CONCRETO, S.A. DE C.V.","ASSA COMPAÑIA DE SEGUROS, S.A.",DSB1700-001,DSB1700-001,factoring,2025-09-30,25740.42,22535.51,1658.64,81.65,USD,0.3177,120,days,bullet,1,,,Current,12661.2,,,,,,,early_delinquent,0.07605363498817959,0.8754911536020002
Abaco Financial,CLIAB000199,"SERVICIOS TECNICOS MEDICOS 2, S.A. DE C.V.","HOSPITAL NACIONAL 002 ""SAN JUAN DE DIOS"" SAN MIGUEL",DSB1701-002,DSB1701-002,factoring,2025-09-29,8958.2,14807.55,818.82,256.51,USD,0.3504,90,days,bullet,1,,,Current,24839.65,,,,,,,early_delinquent,0.17520017009456257,1.0
Abaco Financial,CLIAB000200,"SERVICIOS TECNICOS MEDICOS 3, S.A. DE C.V.","HOSPITAL NACIONAL 003 ""SAN JUAN DE DIOS"" SAN MIGUEL",DSB1702-003,DSB1702-003,factoring,2025-09-28,36685.91,28034.48,2086.72,35.67,USD,0.3088,30,days,bullet,1,,,Complete,14305.6,,,,,,,early_delinquent,0.05402782222222224,0.7641756739849167
Abaco Financial,CLIAB000201,"TRANSPORTES MODERNOS, S.A. DE C.V.","ASSA COMPAÑIA DE SEGUROS, S.A.",DSB1703-004,DSB1703-004,factoring,2025-09-27,7211.81,31803.58,1751.19,270.29,USD,0.357,30,days,bullet,1,,,Current,47773.44,,,,,,,early_delinquent,0.2156871515839243,1.0
Abaco Financial,CLIAB000202,"SERVICIOS TECNICOS MEDICOS 5, S.A. DE C.V.","HOSPITAL NACIONAL 005 ""SAN JUAN DE DIOS"" SAN MIGUEL",DSB1704-005,DSB1704-005,factoring,2025-09-26,57839.92,72955.64,624.24,45.69,USD,0.3184,90,days,bullet,1,,,Complete,33342.2,,,,,,,early_delinquent,0.09859633711583925,1.0
Abaco Technologies,CLIAB000203,"TRANSPORTES MODERNOS, S.A. DE C.V.","ASSA COMPAÑIA DE SEGUROS, S.A.",DSB1705-006,DSB1705-006,factoring,2025-09-25,18180.74,33773.5,1049.06,77.28,USD,0.3401,90,days,bullet,3,,,Current,10866.18,,,,,,,early_delinquent,0.1382775275177305,1.0
Abaco Technologies,CLIAB000204,KEVIN ENRIQUE CLIENTE 007 MORALES,"HOSPITAL NACIONAL 007 ""SAN JUAN DE DIOS"" SAN MIGUEL",DSB1706-007,DSB1706-007,factoring,2025-09-24,68281.99,72902.06,505.57,298.81,USD,0.3189,90,days,bullet,1,,,Complete,36551.13,,,,,,,early_delinquent,0.10313505434988181,1.0
Abaco Technologies,CLIAB000205,KEVIN ENRIQUE CLIENTE 008 MORALES,"EMPRESA TRANSMISORA DE EL SALVADOR, S.A. DE C.V. ETESAL, S.A. DE C.V.",DSB1707-008,DSB1707-008,factoring,2025-09-23,52594.4,25804.98,14.5,119.19,USD,0.3258,120,days,bullet,0,,,Complete,72065.06,,,,,,,current,0.1547778259574467,0.49064120895000224
Abaco Technologies,CLIAB000206,"PRODUCTOS DE CONCRETO, S.A. DE C.V.","HOSPITAL NACIONAL 009 ""SAN JUAN DE DIOS"" SAN MIGUEL",DSB1708-009,DSB1708-009,factoring,2025-09-22,59980.7,67914.11,1846.86,79.64,USD,0.3612,120,days,bullet,1,,,Complete,1724.2,,,,,,,early_delinquent,0.18080812434988183,1.0
Abaco Technologies,CLIAB000207,"TRANSPORTES MODERNOS, S.A. DE C.V.","EMPRESA TRANSMISORA DE EL SALVADOR, S.A. DE C.V. ETESAL, S.A. DE C.V.",DSB1709-010,DSB1709-010,factoring,2025-09-21,67325.69,2444.81,1481.96,253.51,USD,0.311,120,days,bullet,1,,,Complete,51029.04,,,,,,,early_delinquent,0.09660232605200941,0.036313181491344534
Abaco Financial,CLIAB000208,KEVIN ENRIQUE CLIENTE 011 MORALES,"ASSA COMPAÑIA DE SEGUROS, S.A.",DSB1710-011,DSB1710-011,factoring,2025-09-20,19623.17,46875.28,1877.54,280.8,USD,0.3258,30,days,bullet,1,,,Current,74417.69,,,,,,,early_delinquent,0.15935267817966897,1.0
Abaco Technologies,CLIAB000209,"TRANSPORTES MODERNOS, S.A. DE C.V.","EMPRESA TRANSMISORA DE EL SALVADOR, S.A. DE C.V. ETESAL, S.A. DE C.V.",DSB1711-012,DSB1711-012,factoring,2025-09-19,60805.16,17918.36,1191.65,281.35,USD,0.3461,90,days,bullet,1,,,Current,58751.23,,,,,,,early_delinquent,0.19767557988179674,0.2946848589823627
Abaco Financial,CLIAB000210,"SERVICIOS TECNICOS MEDICOS 13, S.A. DE C.V.","EMPRESA TRANSMISORA DE EL SALVADOR, S.A. DE C.V. ETESAL, S.A. DE C.V.",DSB1712-013,DSB1712-013,factoring,2025-09-18,1811.15,11247.52,2314.32,164.7,USD,0.3555,90,days,bullet,1,,,Current,52740.1,,,,,,,early_delinquent,0.21666444988179662,1.0
Abaco Financial,CLIAB000211,"PRODUCTOS DE CONCRETO, S.A. DE C.V.","EMPRESA TRANSMISORA DE EL SALVADOR, S.A. DE C.V. ETESAL, S.A. DE C.V.",DSB1713-014,DSB1713-014,factoring,2025-09-17,63790.19,70411.28,1729.52,131.93,USD,0.3211,90,days,bullet,1,,,Complete,30504.23,,,,,,,early_delinquent,0.102939218179669,1.0
Abaco Financial,CLIAB000212,"TRANSPORTES MODERNOS, S.A. DE C.V.","ASSA COMPAÑIA DE SEGUROS, S.A.",DSB1714-015,DSB1714-015,factoring,2025-09-16,53036.01,27298.81,1153.37,138.84,USD,0.3319,90,days,bullet,0,,,Complete,38016.79,,,,,,,current,0.13695296021276585,0.5147221670710146
Abaco Technologies,CLIAB000213,"TRANSPORTES MODERNOS, S.A. DE C.V.","EMPRESA TRANSMISORA DE EL SALVADOR, S.A. DE C.V. ETESAL, S.A. DE C.V.",DSB1715-016,DSB1715-016,factoring,2025-09-15,56402.58,37746.71,1292.65,14.32,USD,0.3372,30,days,bullet,1,,,Complete,62928.6,,,,,,,early_delinquent,0.1781827371158392,0.669237293755002
Abaco Financial,CLIAB000214,"PRODUCTOS DE CONCRETO, S.A. DE C.V.","HOSPITAL NACIONAL 017 ""SAN JUAN DE DIOS"" SAN MIGUEL",DSB1716-017,DSB1716-017,factoring,2025-09-14,73914.56,66281.92,703.16,35.58,USD,0.3282,30,days,bullet,1,,,Current,5819.34,,,,,,,early_delinquent,0.09713730690307325,0.896736989302243
Abaco Technologies,CLIAB000215,"TRANSPORTES MODERNOS, S.A. DE C.V.","HOSPITAL NACIONAL 018 ""SAN JUAN DE DIOS"" SAN MIGUEL",DSB1717-018,DSB1717-018,factoring,2025-09-13,67008.19,2348.02,2477.22,282.02,USD,0.3646,120,days,bullet,0,,,Current,46106.8,,,,,,,current,0.2320110553191489,0.035040791282379066
Abaco Technologies,CLIAB000216,KEVIN ENRIQUE CLIENTE 019 MORALES,"EMPRESA TRANSMISORA DE EL SALVADOR, S.A. DE C.V. ETESAL, S.A. DE C.V.",DSB1718-019,DSB1718-019,factoring,2025-09-12,24087.15,64680.85,1450.02,0.26,USD,0.3343,30,days,bullet,0,,,Current,72602.17,,,,,,,current,0.17792131893617014,1.0
Abaco Technologies,CLIAB000217,"SERVICIOS TECNICOS MEDICOS 20, S.A. DE C.V.","EMPRESA TRANSMISORA DE EL SALVADOR, S.A. DE C.V. ETESAL, S.A. DE C.V.",DSB1719-020,DSB1719-020,factoring,2025-09-11,74483.9,17913.18,2445.22,85.04,USD,0.3692,90,days,bullet,1,,,Current,56099.38,,,,,,,early_delinquent,0.25645990009456254,0.24049734237868858
Abaco Financial,CLIAB000218,"TRANSPORTES MODERNOS, S.A. DE C.V.","ASSA COMPAÑIA DE SEGUROS, S.A.",DSB1720-021,DSB1720-021,factoring,2025-09-10,76885.88,8020.96,1405.86,50.89,USD,0.322,90,days,bullet,0,,,Complete,39165.75,,,,,,,current,0.11177213297872339,0.10432292639428721
Abaco Financial,CLIAB000219,"SERVICIOS TECNICOS MEDICOS 22, S.A. DE C.V.","HOSPITAL NACIONAL 022 ""SAN JUAN DE DIOS"" SAN MIGUEL",DSB1721-022,DSB1721-022,factoring,2025-09-09,16922.51,35298.1,1725.28,247.34,USD,0.3654,30,days,bullet,0,,,Current,13094.3,,,,,,,current,0.20112621489361704,1.0
Abaco Technologies,CLIAB000220,"PRODUCTOS DE CONCRETO, S.A. DE C.V.","EMPRESA TRANSMISORA DE EL SALVADOR, S.A. DE C.V. ETESAL, S.A. DE C.V.",DSB1722-023,DSB1722-023,factoring,2025-09-08,51749.91,21362.75,1723.01,46.46,USD,0.3419,90,days,bullet,1,,,Current,26570.05,,,,,,,early_delinquent,0.15432418711583917,0.4128074812110784
Abaco Financial,CLIAB000221,"PRODUCTOS DE CONCRETO, S.A. DE C.V.","HOSPITAL NACIONAL 024 ""SAN JUAN DE DIOS"" SAN MIGUEL",DSB1723-024,DSB1723-024,factoring,2025-09-07,65397.85,66982.74,1670.6,37.1,USD,0.2955,30,days,bullet,0,,,Current,73757.64,,,,,,,current,0.075885299574468,1.0
Abaco Technologies,CLIAB000222,"TRANSPORTES MODERNOS, S.A. DE C.V.","HOSPITAL NACIONAL 025 ""SAN JUAN DE DIOS"" SAN MIGUEL",DSB1724-025,DSB1724-025,factoring,2025-09-06,63143.94,34559.14,654.59,28.98,USD,0.3442,30,days,bullet,0,,,Default,43680.66,,,,,,,current,0.47532959617021275,0.547307310883673
Abaco Technologies,CLIAB000223,"SERVICIOS TECNICOS MEDICOS 26, S.A. DE C.V.","EMPRESA TRANSMISORA DE EL SALVADOR, S.A. DE C.V. ETESAL, S.A. DE C.V.",DSB1725-026,DSB1725-026,factoring,2025-09-05,61183.37,74224.84,2452.55,13.99,USD,0.3557,120,days,bullet,0,,,Current,29203.1,,,,,,,current,0.19143714255319152,1.0
Abaco Technologies,CLIAB000224,"SERVICIOS TECNICOS MEDICOS 27, S.A. DE C.V.","EMPRESA TRANSMISORA DE EL SALVADOR, S.A. DE C.V. ETESAL, S.A. DE C.V.",DSB1726-027,DSB1726-027,factoring,2025-09-04,45251.19,30648.42,396.27,282.33,USD,0.3375,120,days,bullet,3,,,Current,63481.06,,,,,,,early_delinquent,0.18397751390070927,0.6772953374264853
Abaco Financial,CLIAB000225,"PRODUCTOS DE CONCRETO, S.A. DE C.V.","EMPRESA TRANSMISORA DE EL SALVADOR, S.A. DE C.V. ETESAL, S.A. DE C.V.",DSB1727-028,DSB1727-028,factoring,2025-09-03,32231.57,14811.51,687.82,252.68,USD,0.3334,90,days,bullet,0,,,Current,37089.19,,,,,,,current,0.1400147219148935,0.45953423925672876
Abaco Technologies,CLIAB000226,"SERVICIOS TECNICOS MEDICOS 29, S.A. DE C.V.","ASSA COMPAÑIA DE SEGUROS, S.A.",DSB1728-029,DSB1728-029,factoring,2025-09-02,57361.54,53131.0,645.06,135.94,USD,0.3687,30,days,bullet,3,,,Current,71966.6,,,,,,,early_delinquent,0.2754417773049646,0.9262477959971088
Abaco Technologies,CLIAB000227,"TRANSPORTES MODERNOS, S.A. DE C.V.","EMPRESA TRANSMISORA DE EL SALVADOR, S.A. DE C.V. ETESAL, S.A. DE C.V.",DSB1729-030,DSB1729-030,factoring,2025-09-01,3254.22,25302.43,1047.96,211.63,USD,0.3137,30,days,bullet,3,,,Current,41284.76,,,,,,,early_delinquent,0.0984833415602836,1.0
Abaco Financial,CLIAB000228,"SERVICIOS TECNICOS MEDICOS 31, S.A. DE C.V.","ASSA COMPAÑIA DE SEGUROS, S.A.",DSB1730-031,DSB1730-031,factoring,2025-08-31,52794.25,2521.44,1217.63,302.86,USD,0.36,90,days,bullet,0,,,Current,75909.82,,,,,,,current,0.24958003276595742,0.04775974656330945
Abaco Financial,CLIAB000229,"PRODUCTOS DE CONCRETO, S.A. DE C.V.","HOSPITAL NACIONAL 032 ""SAN JUAN DE DIOS"" SAN MIGUEL",DSB1731-032,DSB1731-032,factoring,2025-08-30,50061.25,62103.62,2087.72,143.04,USD,0.3616,120,days,bullet,3,,,Complete,72405.58,,,,,,,early_delinquent,0.2569977785815602,1.0
Abaco Financial,CLIAB000230,"PRODUCTOS DE CONCRETO, S.A. DE C.V.","ASSA COMPAÑIA DE SEGUROS, S.A.",DSB1732-033,DSB1732-033,factoring,2025-08-29,55141.23,14300.64,1362.17,224.03,USD,0.3676,90,days,bullet,3,,,Complete,11711.31,,,,,,,early_delinquent,0.21226095539007087,0.25934568380139505
Abaco Financial,CLIAB000231,KEVIN ENRIQUE CLIENTE 034 MORALES,"EMPRESA TRANSMISORA DE EL SALVADOR, S.A. DE C.V. ETESAL, S.A. DE C.V.",DSB1733-034,DSB1733-034,factoring,2025-08-28,20412.72,50486.89,1221.14,220.57,USD,0.3577,90,days,bullet,1,,,Complete,67696.57,,,,,,,early_delinquent,0.23747198371158396,1.0
Abaco Financial,CLIAB000232,KEVIN ENRIQUE CLIENTE 035 MORALES,"EMPRESA TRANSMISORA DE EL SALVADOR, S.A. DE C.V. ETESAL, S.A. DE C.V.",DSB1734-035,DSB1734-035,factoring,2025-08-27,17597.74,67802.89,2395.21,30.39,USD,0.3636,90,days,bullet,3,,,Current,61180.71,,,,,,,early_delinquent,0.25109205751773045,1.0
Abaco Financial,CLIAB000233,KEVIN ENRIQUE CLIENTE 036 MORALES,"ASSA COMPAÑIA DE SEGUROS, S.A.",DSB1735-036,DSB1735-036,factoring,2025-08-26,66789.74,23928.95,1718.53,154.06,USD,0.3674,120,days,bullet,0,,,Current,4320.35,,,,,,,current,0.19767141382978723,0.35827284250545066
Abaco Technologies,CLIAB000234,KEVIN ENRIQUE CLIENTE 037 MORALES,"EMPRESA TRANSMISORA DE EL SALVADOR, S.A. DE C.V. ETESAL, S.A. DE C.V.",DSB1736-037,DSB1736-037,factoring,2025-08-25,5151.17,39699.31,1758.36,145.74,USD,0.363,30,days,bullet,0,,,Current,26522.91,,,,,,,current,0.20817184617021273,1.0
Abaco Financial,CLIAB000235,"SERVICIOS TECNICOS MEDICOS 38, S.A. DE C.V.","HOSPITAL NACIONAL 038 ""SAN JUAN DE DIOS"" SAN MIGUEL",DSB1737-038,DSB1737-038,factoring,2025-08-24,14447.83,1890.43,2089.91,55.32,USD,0.3653,120,days,bullet,0,,,Current,18815.58,,,,,,,current,0.20658153744680854,0.13084525496216387
Abaco Financial,CLIAB000236,"PRODUCTOS DE CONCRETO, S.A. DE C.V.","HOSPITAL NACIONAL 039 ""SAN JUAN DE DIOS"" SAN MIGUEL",DSB1738-039,DSB1738-039,factoring,2025-08-23,36035.02,66861.05,865.69,221.12,USD,0.3332,120,days,bullet,1,,,Current,56129.99,,,,,,,early_delinquent,0.16074582924349878,1.0
Abaco Financial,CLIAB000237,"PRODUCTOS DE CONCRETO, S.A. DE C.V.","EMPRESA TRANSMISORA DE EL SALVADOR, S.A. DE C.V. ETESAL, S.A. DE C.V.",DSB1739-040,DSB1739-040,factoring,2025-08-22,10750.57,12529.7,596.52,108.62,USD,0.3054,90,days,bullet,3,,,Complete,46030.57,,,,,,,early_delinquent,0.08115468347517728,1.0
Abaco Technologies,CLIAB000238,"TRANSPORTES MODERNOS, S.A. DE C.V.","ASSA COMPAÑIA DE SEGUROS, S.A.",DSB1740-041,DSB1740-041,factoring,2025-08-21,52062.2,64782.35,410.48,1.8,USD,0.3305,30,days,bullet,1,,,Current,21510.62,,,,,,,early_delinquent,0.11894560817966904,1.0
Abaco Technologies,CLIAB000239,"SERVICIOS TECNICOS MEDICOS 42, S.A. DE C.V.","HOSPITAL NACIONAL 042 ""SAN JUAN DE DIOS"" SAN MIGUEL",DSB1741-042,DSB1741-042,factoring,2025-08-20,12768.02,53879.54,2391.51,11.16,USD,0.3648,90,days,bullet,1,,,Current,48891.04,,,,,,,early_delinquent,0.2375494324349882,1.0
Abaco Technologies,CLIAB000240,"PRODUCTOS DE CONCRETO, S.A. DE C.V.","HOSPITAL NACIONAL 043 ""SAN JUAN DE DIOS"" SAN MIGUEL",DSB1742-043,DSB1742-043,factoring,2025-08-19,73942.68,64165.16,412.51,125.03,USD,0.3201,90,days,bullet,3,,,Complete,50136.35,,,,,,,early_delinquent,0.12435620815602833,0.8677689258760977
Abaco Technologies,CLIAB000241,"SERVICIOS TECNICOS MEDICOS 44, S.A. DE C.V.","ASSA COMPAÑIA DE SEGUROS, S.A.",DSB1743-044,DSB1743-044,factoring,2025-08-18,24743.03,65475.64,1512.37,259.42,USD,0.341,90,days,bullet,0,,,Current,11630.34,,,,,,,current,0.13476863787234047,1.0
Abaco Technologies,CLIAB000242,"TRANSPORTES MODERNOS, S.A. DE C.V.","ASSA COMPAÑIA DE SEGUROS, S.A.",DSB1744-045,DSB1744-045,factoring,2025-08-17,6832.87,42334.16,2152.56,143.23,USD,0.3463,30,days,bullet,3,,,Current,54149.23,,,,,,,early_delinquent,0.19804993921985814,1.0
Abaco Technologies,CLIAB000243,"TRANSPORTES MODERNOS, S.A. DE C.V.","HOSPITAL NACIONAL 046 ""SAN JUAN DE DIOS"" SAN MIGUEL",DSB1745-046,DSB1745-046,factoring,2025-08-16,54426.79,51497.07,819.64,310.49,USD,0.3048,30,days,bullet,0,,,Current,68252.34,,,,,,,current,0.09511404212765959,0.9461713615666109
Abaco Technologies,CLIAB000244,"PRODUCTOS DE CONCRETO, S.A. DE C.V.","EMPRESA TRANSMISORA DE EL SALVADOR, S.A. DE C.V. ETESAL, S.A. DE C.V.",DSB1746-047,DSB1746-047,factoring,2025-08-15,2671.07,3608.15,1705.14,271.38,USD,0.3631,120,days,bullet,0,,,Current,23566.27,,,,,,,current,0.2054811636170212,1.0
Abaco Financial,CLIAB000245,"SERVICIOS TECNICOS MEDICOS 48, S.A. DE C.V.","EMPRESA TRANSMISORA DE EL SALVADOR, S.A. DE C.V. ETESAL, S.A. DE C.V.",DSB1747-048,DSB1747-048,factoring,2025-08-14,11988.42,58470.2,2158.56,123.56,USD,0.2966,90,days,bullet,3,,,Default,4888.24,,,,,,,early_delinquent,0.3166080981560282,1.0
Abaco Financial,CLIAB000246,"PRODUCTOS DE CONCRETO, S.A. DE C.V.","HOSPITAL NACIONAL 049 ""SAN JUAN DE DIOS"" SAN MIGUEL",DSB1748-049,DSB1748-049,factoring,2025-08-13,50837.7,35135.62,2004.66,223.86,USD,0.3089,30,days,bullet,1,,,Current,48471.4,,,,,,,early_delinquent,0.08845957966903073,0.6911331551191341
Abaco Financial,CLIAB000247,"SERVICIOS TECNICOS MEDICOS 50, S.A. DE C.V.","ASSA COMPAÑIA DE SEGUROS, S.A.",DSB1749-050,DSB1749-050,factoring,2025-08-12,9211.78,40953.6,550.77,245.0,USD,0.3304,30,days,bullet,1,,,Current,8410.66,,,,,,,early_delinquent,0.10557969073286057,1.0
Abaco Financial,CLIAB000248,"TRANSPORTES MODERNOS, S.A. DE C.V.","ASSA COMPAÑIA DE SEGUROS, S.A.",DSB1750-051,DSB1750-051,factoring,2025-08-11,20306.5,34672.19,262.47,81.73,USD,0.3254,120,days,bullet,0,,,Current,63109.48,,,,,,,current,0.1447584161702128,1.0
Abaco Technologies,CLIAB000249,"PRODUCTOS DE CONCRETO, S.A. DE C.V.","ASSA COMPAÑIA DE SEGUROS, S.A.",DSB1751-052,DSB1751-052,factoring,2025-08-10,695.68,48698.55,2216.69,228.43,USD,0.3184,30,days,bullet,1,,,Complete,33372.99,,,,,,,early_delinquent,0.09862712711583924,1.0
Abaco Technologies,CLIAB000250,"TRANSPORTES MODERNOS, S.A. DE C.V.","HOSPITAL NACIONAL 053 ""SAN JUAN DE DIOS"" SAN MIGUEL",DSB1752-053,DSB1752-053,factoring,2025-08-09,32416.85,38648.7,380.76,21.53,USD,0.3284,90,days,bullet,0,,,Complete,32305.24,,,,,,,current,0.12193289957446812,1.0
Abaco Financial,CLIAB000251,"PRODUCTOS DE CONCRETO, S.A. DE C.V.","HOSPITAL NACIONAL 054 ""SAN JUAN DE DIOS"" SAN MIGUEL",DSB1753-054,DSB1753-054,factoring,2025-08-08,65600.28,30531.83,41.94,23.43,USD,0.3221,30,days,bullet,0,,,Current,26894.88,,,,,,,current,0.09976722042553186,0.4654222512464886
Abaco Financial,CLIAB000252,"TRANSPORTES MODERNOS, S.A. DE C.V.","HOSPITAL NACIONAL 055 ""SAN JUAN DE DIOS"" SAN MIGUEL",DSB1754-055,DSB1754-055,factoring,2025-08-07,15411.16,45647.74,1519.36,63.21,USD,0.3556,30,days,bullet,0,,,Current,27472.21,,,,,,,current,0.18944029510638305,1.0
Abaco Financial,CLIAB000253,"TRANSPORTES MODERNOS, S.A. DE C.V.","ASSA COMPAÑIA DE SEGUROS, S.A.",DSB1755-056,DSB1755-056,factoring,2025-08-06,75173.91,34394.86,4.87,107.97,USD,0.3413,90,days,bullet,0,,,Current,29440.05,,,,,,,current,0.15337622021276592,0.45753719608305593
Abaco Financial,CLIAB000254,"TRANSPORTES MODERNOS, S.A. DE C.V.","EMPRESA TRANSMISORA DE EL SALVADOR, S.A. DE C.V. ETESAL, S.A. DE C.V.",DSB1756-057,DSB1756-057,factoring,2025-08-05,63190.24,29572.52,2483.93,244.85,USD,0.3435,90,days,bullet,3,,,Complete,23342.29,,,,,,,early_delinquent,0.1597961907092199,0.46799189241882927
Abaco Financial,CLIAB000255,"TRANSPORTES MODERNOS, S.A. DE C.V.","EMPRESA TRANSMISORA DE EL SALVADOR, S.A. DE C.V. ETESAL, S.A. DE C.V.",DSB1757-058,DSB1757-058,factoring,2025-08-04,13779.42,24331.12,2038.52,277.8,USD,0.3634,90,days,bullet,3,,,Current,60146.53,,,,,,,early_delinquent,0.24952596262411345,1.0
Abaco Technologies,CLIAB000256,KEVIN ENRIQUE CLIENTE 059 MORALES,"EMPRESA TRANSMISORA DE EL SALVADOR, S.A. DE C.V. ETESAL, S.A. DE C.V.",DSB1758-059,DSB1758-059,factoring,2025-08-03,17379.65,69605.1,91.29,292.81,USD,0.327,120,days,bullet,1,,,Complete,10382.49,,,,,,,early_delinquent,0.09850896754137117,1.0
Abaco Technologies,CLIAB000257,"PRODUCTOS DE CONCRETO, S.A. DE C.V.","EMPRESA TRANSMISORA DE EL SALVADOR, S.A. DE C.V. ETESAL, S.A. DE C.V.",DSB1759-060,DSB1759-060,factoring,2025-08-02,9358.61,36703.1,431.51,85.25,USD,0.3193,120,days,bullet,1,,,Complete,68522.94,,,,,,,early_delinquent,0.13617069413711574,1.0
Abaco Financial,CLIAB000258,KEVIN ENRIQUE CLIENTE 061 MORALES,"ASSA COMPAÑIA DE SEGUROS, S.A.",DSB1760-061,DSB1760-061,factoring,2025-08-01,5691.71,541.28,2051.14,285.25,USD,0.333,90,days,bullet,1,,,Complete,70595.54,,,,,,,early_delinquent,0.17467946434988182,0.09509971519982571
Abaco Technologies,CLIAB000259,KEVIN ENRIQUE CLIENTE 062 MORALES,"ASSA COMPAÑIA DE SEGUROS, S.A.",DSB1761-062,DSB1761-062,factoring,2025-07-31,24533.64,31116.14,527.09,239.76,USD,0.2984,120,days,bullet,3,,,Complete,19746.41,,,,,,,early_delinquent,0.03625350219858152,1.0
Abaco Financial,CLIAB000260,"TRANSPORTES MODERNOS, S.A. DE C.V.","ASSA COMPAÑIA DE SEGUROS, S.A.",DSB1762-063,DSB1762-063,factoring,2025-07-30,47265.88,2632.98,2189.87,326.04,USD,0.3621,120,days,bullet,0,,,Complete,11080.48,,,,,,,current,0.1903357991489361,0.055705722605820525
Abaco Technologies,CLIAB000261,"SERVICIOS TECNICOS MEDICOS 64, S.A. DE C.V.","ASSA COMPAÑIA DE SEGUROS, S.A.",DSB1763-064,DSB1763-064,factoring,2025-07-29,73589.64,53950.82,1855.71,11.18,USD,0.3247,120,days,bullet,1,,,Current,757.1,,,,,,,early_delinquent,0.08276655626477535,0.7331306417588128
Abaco Financial,CLIAB000262,"PRODUCTOS DE CONCRETO, S.A. DE C.V.","HOSPITAL NACIONAL 065 ""SAN JUAN DE DIOS"" SAN MIGUEL",DSB1764-065,DSB1764-065,factoring,2025-07-28,49598.07,47971.57,21.56,73.34,USD,0.3394,120,days,bullet,3,,,Complete,1536.89,,,,,,,early_delinquent,0.12708653539007084,0.9672063852484583
Abaco Technologies,CLIAB000263,"TRANSPORTES MODERNOS, S.A. DE C.V.","EMPRESA TRANSMISORA DE EL SALVADOR, S.A. DE C.V. ETESAL, S.A. DE C.V.",DSB1765-066,DSB1765-066,factoring,2025-07-27,60575.83,59545.52,613.76,134.86,USD,0.359,30,days,bullet,1,,,Complete,20210.08,,,,,,,early_delinquent,0.19344294052009453,0.9829914010257886
Abaco Technologies,CLIAB000264,"SERVICIOS TECNICOS MEDICOS 67, S.A. DE C.V.","ASSA COMPAÑIA DE SEGUROS, S.A.",DSB1766-067,DSB1766-067,factoring,2025-07-26,3283.24,18945.01,1787.07,120.68,USD,0.3158,30,days,bullet,0,,,Current,11321.36,,,,,,,current,0.06743838127659577,1.0
Abaco Technologies,CLIAB000265,"PRODUCTOS DE CONCRETO, S.A. DE C.V.","HOSPITAL NACIONAL 068 ""SAN JUAN DE DIOS"" SAN MIGUEL",DSB1767-068,DSB1767-068,factoring,2025-07-25,58235.18,68117.3,988.5,226.7,USD,0.3544,120,days,bullet,0,,,Current,36861.09,,,,,,,current,0.19563768574468082,1.0
Abaco Technologies,CLIAB000266,KEVIN ENRIQUE CLIENTE 069 MORALES,"HOSPITAL NACIONAL 069 ""SAN JUAN DE DIOS"" SAN MIGUEL",DSB1768-069,DSB1768-069,factoring,2025-07-24,36021.52,24542.27,880.44,172.12,USD,0.3556,30,days,bullet,3,,,Default,27981.7,,,,,,,early_delinquent,0.4966164517730497,0.6813224428064113
Abaco Technologies,CLIAB000267,KEVIN ENRIQUE CLIENTE 070 MORALES,"ASSA COMPAÑIA DE SEGUROS, S.A.",DSB1769-070,DSB1769-070,factoring,2025-07-23,76339.49,49972.87,553.39,33.14,USD,0.3466,30,days,bullet,0,,,Current,63248.55,,,,,,,current,0.20128046489361706,0.6546136213380519
Abaco Technologies,CLIAB000268,"TRANSPORTES MODERNOS, S.A. DE C.V.","HOSPITAL NACIONAL 071 ""SAN JUAN DE DIOS"" SAN MIGUEL",DSB1770-071,DSB1770-071,factoring,2025-07-22,76219.01,66538.03,479.27,227.39,USD,0.314,120,days,bullet,1,,,Current,52901.9,,,,,,,early_delinquent,0.10645390945626475,0.8729847055216278
Abaco Technologies,CLIAB000269,"SERVICIOS TECNICOS MEDICOS 72, S.A. DE C.V.","ASSA COMPAÑIA DE SEGUROS, S.A.",DSB1771-072,DSB1771-072,factoring,2025-07-21,14276.25,65468.5,2267.11,278.13,USD,0.3697,30,days,bullet,3,,,Complete,12966.63,,,,,,,early_delinquent,0.21910138177304958,1.0
Abaco Financial,CLIAB000270,"PRODUCTOS DE CONCRETO, S.A. DE C.V.","HOSPITAL NACIONAL 073 ""SAN JUAN DE DIOS"" SAN MIGUEL",DSB1772-073,DSB1772-073,factoring,2025-07-20,46845.91,56936.93,39.54,123.07,USD,0.3213,120,days,bullet,3,,,Current,43985.18,,,,,,,early_delinquent,0.12139652751773039,1.0
Abaco Technologies,CLIAB000271,KEVIN ENRIQUE CLIENTE 074 MORALES,"ASSA COMPAÑIA DE SEGUROS, S.A.",DSB1773-074,DSB1773-074,factoring,2025-07-19,48521.36,16640.3,881.88,189.07,USD,0.307,30,days,bullet,0,,,Complete,4368.69,,,,,,,current,0.03708145595744676,0.3429479305608911
Abaco Technologies,CLIAB000272,"SERVICIOS TECNICOS MEDICOS 75, S.A. DE C.V.","ASSA COMPAÑIA DE SEGUROS, S.A.",DSB1774-075,DSB1774-075,factoring,2025-07-18,49025.16,69187.01,313.68,257.99,USD,0.3601,30,days,bullet,0,,,Complete,19612.98,,,,,,,current,0.19354915021276586,1.0
Abaco Technologies,CLIAB000273,"SERVICIOS TECNICOS MEDICOS 76, S.A. DE C.V.","HOSPITAL NACIONAL 076 ""SAN JUAN DE DIOS"" SAN MIGUEL",DSB1775-076,DSB1775-076,factoring,2025-07-17,26210.31,25074.86,403.38,251.36,USD,0.3321,90,days,bullet,0,,,Current,43804.26,,,,,,,current,0.14327234510638298,0.9566792609473143
Abaco Financial,CLIAB000274,"PRODUCTOS DE CONCRETO, S.A. DE C.V.","EMPRESA TRANSMISORA DE EL SALVADOR, S.A. DE C.V. ETESAL, S.A. DE C.V.",DSB1776-077,DSB1776-077,factoring,2025-07-16,3719.92,9376.82,185.28,105.95,USD,0.3114,90,days,bullet,0,,,Current,3453.64,,,,,,,current,0.047868533617021265,1.0
Abaco Technologies,CLIAB000275,"PRODUCTOS DE CONCRETO, S.A. DE C.V.","HOSPITAL NACIONAL 078 ""SAN JUAN DE DIOS"" SAN MIGUEL",DSB1777-078,DSB1777-078,factoring,2025-07-15,35129.8,18887.78,910.01,115.53,USD,0.3687,120,days,bullet,0,,,Current,38797.14,,,,,,,current,0.23560565063829794,0.5376569180581727
Abaco Financial,CLIAB000276,"SERVICIOS TECNICOS MEDICOS 79, S.A. DE C.V.","HOSPITAL NACIONAL 079 ""SAN JUAN DE DIOS"" SAN MIGUEL",DSB1778-079,DSB1778-079,factoring,2025-07-14,11806.61,35572.87,908.17,299.46,USD,0.349,90,days,bullet,0,,,Current,7702.08,,,,,,,current,0.1521169736170212,1.0
Abaco Technologies,CLIAB000277,KEVIN ENRIQUE CLIENTE 080 MORALES,"HOSPITAL NACIONAL 080 ""SAN JUAN DE DIOS"" SAN MIGUEL",DSB1779-080,DSB1779-080,factoring,2025-07-13,69027.42,20723.55,398.12,305.35,USD,0.3596,90,days,bullet,0,,,Current,31904.56,,,,,,,current,0.20451094297872333,0.3002219987361544
Abaco Technologies,CLIAB000278,KEVIN ENRIQUE CLIENTE 081 MORALES,"EMPRESA TRANSMISORA DE EL SALVADOR, S.A. DE C.V. ETESAL, S.A. DE C.V.",DSB1780-081,DSB1780-081,factoring,2025-07-12,34145.39,15565.03,1894.06,41.6,USD,0.3419,90,days,bullet,3,,,Current,777.99,,,,,,,early_delinquent,0.1329765715602836,0.45584572324404554
Abaco Technologies,CLIAB000279,"TRANSPORTES MODERNOS, S.A. DE C.V.","HOSPITAL NACIONAL 082 ""SAN JUAN DE DIOS"" SAN MIGUEL",DSB1781-082,DSB1781-082,factoring,2025-07-11,51130.98,10219.09,1543.57,64.6,USD,0.3277,120,days,bullet,0,,,Complete,38266.34,,,,,,,current,0.12603229744680847,0.19986102359078586
Abaco Financial,CLIAB000280,"TRANSPORTES MODERNOS, S.A. DE C.V.","ASSA COMPAÑIA DE SEGUROS, S.A.",DSB1782-083,DSB1782-083,factoring,2025-07-10,67134.3,28405.68,2259.93,316.65,USD,0.3207,120,days,bullet,3,,,Current,10831.35,,,,,,,early_delinquent,0.08664695283687937,0.4231172440913214
Abaco Financial,CLIAB000281,KEVIN ENRIQUE CLIENTE 084 MORALES,"HOSPITAL NACIONAL 084 ""SAN JUAN DE DIOS"" SAN MIGUEL",DSB1783-084,DSB1783-084,factoring,2025-07-09,26082.78,20611.58,1760.23,92.26,USD,0.3014,30,days,bullet,0,,,Current,7443.18,,,,,,,current,0.025262328936170173,0.7902370836237549
Abaco Technologies,CLIAB000282,"PRODUCTOS DE CONCRETO, S.A. DE C.V.","ASSA COMPAÑIA DE SEGUROS, S.A.",DSB1784-085,DSB1784-085,factoring,2025-07-08,61373.57,33544.96,579.0,233.65,USD,0.3232,90,days,bullet,0,,,Current,48723.25,,,,,,,current,0.12452112234042548,0.5465701278253815
Abaco Technologies,CLIAB000283,KEVIN ENRIQUE CLIENTE 086 MORALES,"EMPRESA TRANSMISORA DE EL SALVADOR, S.A. DE C.V. ETESAL, S.A. DE C.V.",DSB1785-086,DSB1785-086,factoring,2025-07-07,2983.03,53132.59,567.63,52.3,USD,0.3569,120,days,bullet,3,,,Current,72587.12,,,,,,,early_delinquent,0.24467931858156022,1.0
Abaco Financial,CLIAB000284,"TRANSPORTES MODERNOS, S.A. DE C.V.","HOSPITAL NACIONAL 087 ""SAN JUAN DE DIOS"" SAN MIGUEL",DSB1786-087,DSB1786-087,factoring,2025-07-06,27731.16,814.77,1654.04,224.71,USD,0.3162,90,days,bullet,3,,,Current,25738.36,,,,,,,early_delinquent,0.08958587773049637,0.029381028417130764
Abaco Technologies,CLIAB000285,KEVIN ENRIQUE CLIENTE 088 MORALES,"HOSPITAL NACIONAL 088 ""SAN JUAN DE DIOS"" SAN MIGUEL",DSB1787-088,DSB1787-088,factoring,2025-07-05,3697.55,6372.31,2395.58,18.14,USD,0.3238,120,days,bullet,1,,,Current,72392.52,,,,,,,early_delinquent,0.15200835924349873,1.0
Abaco Technologies,CLIAB000286,KEVIN ENRIQUE CLIENTE 089 MORALES,"EMPRESA TRANSMISORA DE EL SALVADOR, S.A. DE C.V. ETESAL, S.A. DE C.V.",DSB1788-089,DSB1788-089,factoring,2025-07-04,56973.55,39566.34,538.69,262.51,USD,0.3302,90,days,bullet,3,,,Current,63283.09,,,,,,,early_delinquent,0.1643646502836879,0.6944685735749307
Abaco Technologies,CLIAB000287,"SERVICIOS TECNICOS MEDICOS 90, S.A. DE C.V.","EMPRESA TRANSMISORA DE EL SALVADOR, S.A. DE C.V. ETESAL, S.A. DE C.V.",DSB1789-090,DSB1789-090,factoring,2025-07-03,40006.38,55329.41,1848.68,138.37,USD,0.3572,90,days,bullet,1,,,Default,66824.39,,,,,,,early_delinquent,0.5352700164775414,1.0
Abaco Technologies,CLIAB000288,"PRODUCTOS DE CONCRETO, S.A. DE C.V.","EMPRESA TRANSMISORA DE EL SALVADOR, S.A. DE C.V. ETESAL, S.A. DE C.V.",DSB1790-091,DSB1790-091,factoring,2025-07-02,69870.64,56632.34,1197.72,184.31,USD,0.3212,120,days,bullet,0,,,Complete,41568.65,,,,,,,current,0.11204737340425525,0.8105312903960805
Abaco Financial,CLIAB000289,"SERVICIOS TECNICOS MEDICOS 92, S.A. DE C.V.","HOSPITAL NACIONAL 092 ""SAN JUAN DE DIOS"" SAN MIGUEL",DSB1791-092,DSB1791-092,factoring,2025-07-01,46025.46,70979.44,324.86,133.72,USD,0.3564,90,days,bullet,0,,,Current,9531.41,,,,,,,current,0.17362715468085102,1.0
Abaco Financial,CLIAB000290,"TRANSPORTES MODERNOS, S.A. DE C.V.","HOSPITAL NACIONAL 093 ""SAN JUAN DE DIOS"" SAN MIGUEL",DSB1792-093,DSB1792-093,factoring,2025-06-30,22181.84,66264.73,608.89,11.39,USD,0.3096,90,days,bullet,1,,,Current,76170.91,,,,,,,early_delinquent,0.11802079179669024,1.0
Abaco Financial,CLIAB000291,"PRODUCTOS DE CONCRETO, S.A. DE C.V.","ASSA COMPAÑIA DE SEGUROS, S.A.",DSB1793-094,DSB1793-094,factoring,2025-06-29,52558.32,29843.07,2475.98,213.65,USD,0.3624,120,days,bullet,1,,,Current,35742.66,,,,,,,early_delinquent,0.2180180737115839,0.5678086742498618
Abaco Financial,CLIAB000292,"PRODUCTOS DE CONCRETO, S.A. DE C.V.","HOSPITAL NACIONAL 095 ""SAN JUAN DE DIOS"" SAN MIGUEL",DSB1794-095,DSB1794-095,factoring,2025-06-28,68570.74,3952.4,788.66,157.94,USD,0.3398,120,days,bullet,0,,,Current,22258.56,,,,,,,current,0.14220536851063825,0.05763974546577738
Abaco Technologies,CLIAB000293,"SERVICIOS TECNICOS MEDICOS 96, S.A. DE C.V.","ASSA COMPAÑIA DE SEGUROS, S.A.",DSB1795-096,DSB1795-096,factoring,2025-06-27,33231.7,9419.07,2495.75,138.61,USD,0.304,120,days,bullet,1,,,Current,34780.91,,,,,,,early_delinquent,0.061737174775413656,0.2834362972703774
Abaco Financial,CLIAB000294,"SERVICIOS TECNICOS MEDICOS 97, S.A. DE C.V.","EMPRESA TRANSMISORA DE EL SALVADOR, S.A. DE C.V. ETESAL, S.A. DE C.V.",DSB1796-097,DSB1796-097,factoring,2025-06-26,26812.26,10444.36,1608.35,90.35,USD,0.3215,90,days,bullet,1,,,Current,40757.43,,,,,,,early_delinquent,0.11425624796690306,0.38953672685555046
Abaco Technologies,CLIAB000295,"SERVICIOS TECNICOS MEDICOS 98, S.A. DE C.V.","ASSA COMPAÑIA DE SEGUROS, S.A.",DSB1797-098,DSB1797-098,factoring,2025-06-25,58552.08,21114.87,464.58,66.28,USD,0.3046,30,days,bullet,3,,,Complete,58364.71,,,,,,,early_delinquent,0.09136116390070913,0.3606169072046629
Abaco Technologies,CLIAB000296,"TRANSPORTES MODERNOS, S.A. DE C.V.","EMPRESA TRANSMISORA DE EL SALVADOR, S.A. DE C.V. ETESAL, S.A. DE C.V.",DSB1798-099,DSB1798-099,factoring,2025-06-24,60025.02,32985.66,194.67,252.83,USD,0.3133,120,days,bullet,3,,,Current,32729.44,,,,,,,early_delinquent,0.08886419177304967,0.5495318452205431
Abaco Technologies,CLIAB000297,"SERVICIOS TECNICOS MEDICOS 100, S.A. DE C.V.","ASSA COMPAÑIA DE SEGUROS, S.A.",DSB1799-100,DSB1799-100,factoring,2025-06-23,13207.6,70644.67,428.2,271.03,USD,0.297,90,days,bullet,0,,,Current,27861.91,,,,,,,current,0.03397893127659567,1.0
